Gene_Hugo_ID,Gene_Name,Role,Cancer_ID,Cancer_Name,TCGA_based_Cancer_Type
HGNC:7553,MYC,Oncogene,DOID:10283,prostate cancer,Prostate
HGNC:3446,ERG,Oncogene,DOID:10283,prostate cancer,Prostate
HGNC:644,AR,Oncogene,DOID:10283,prostate cancer,Prostate
HGNC:3527,EZH2,Oncogene,DOID:10283,prostate cancer,Prostate
HGNC:3430,ERBB2,Oncogene,DOID:10283,prostate cancer,Prostate
HGNC:9588,PTEN,Oncogene,DOID:10283,prostate cancer,Prostate
HGNC:11254,SPOP,Oncogene,DOID:10283,prostate cancer,Prostate
HGNC:3236,EGFR,Oncogene,DOID:10283,prostate cancer,Prostate
HGNC:6407,KRAS,Oncogene,DOID:10283,prostate cancer,Prostate
HGNC:11876,TMPRSS2,Oncogene,DOID:10283,prostate cancer,Prostate
HGNC:7559,MYCN,Oncogene,DOID:10283,prostate cancer,Prostate
HGNC:391,AKT1,Oncogene,DOID:10283,prostate cancer,Prostate
HGNC:7553,MYC,Oncogene,DOID:10286,prostate carcinoma,Prostate
HGNC:8986,PIM1,Oncogene,DOID:10283,prostate cancer,Prostate
HGNC:7553,MYC,Oncogene,DOID:2526,prostate adenocarcinoma,Prostate
HGNC:990,BCL2,Oncogene,DOID:10283,prostate cancer,Prostate
HGNC:9591,PTGDR,Oncogene,DOID:10283,prostate cancer,Prostate
HGNC:11364,STAT3,Oncogene,DOID:10283,prostate cancer,Prostate
HGNC:11200,SOX4,Oncogene,DOID:10283,prostate cancer,Prostate
HGNC:7838,NKX3-1,Oncogene,DOID:10283,prostate cancer,Prostate
HGNC:3594,FASN,Oncogene,DOID:10283,prostate cancer,Prostate
HGNC:12005,TPD52,Oncogene,DOID:10283,prostate cancer,Prostate
HGNC:11812,TRIM24,Oncogene,DOID:10283,prostate cancer,Prostate
HGNC:6973,MDM2,Oncogene,DOID:10283,prostate cancer,Prostate
HGNC:5021,FOXA1,Oncogene,DOID:10283,prostate cancer,Prostate
HGNC:3490,ETV1,Oncogene,DOID:10283,prostate cancer,Prostate
HGNC:3238,EGR1,Oncogene,DOID:10283,prostate cancer,Prostate
HGNC:18990,ADGRF1,Oncogene,DOID:10283,prostate cancer,Prostate
HGNC:11283,SRC,Oncogene,DOID:10283,prostate cancer,Prostate
HGNC:7989,NRAS,Oncogene,DOID:10283,prostate cancer,Prostate
HGNC:29608,MTDH,Oncogene,DOID:10283,prostate cancer,Prostate
HGNC:12659,VAV3,Oncogene,DOID:10283,prostate cancer,Prostate
HGNC:11998,TP53,Oncogene,DOID:10283,prostate cancer,Prostate
HGNC:3430,ERBB2,Oncogene,DOID:2526,prostate adenocarcinoma,Prostate
HGNC:905,AXL,Oncogene,DOID:10283,prostate cancer,Prostate
HGNC:4893,HGF,Oncogene,DOID:10283,prostate cancer,Prostate
HGNC:17004,WWP1,Oncogene,DOID:10283,prostate cancer,Prostate
HGNC:1582,CCND1,Oncogene,DOID:10283,prostate cancer,Prostate
HGNC:10901,SKP2,Oncogene,DOID:10283,prostate cancer,Prostate
HGNC:10472,RUNX2,Oncogene,DOID:10283,prostate cancer,Prostate
HGNC:6642,LMO2,Oncogene,DOID:10286,prostate carcinoma,Prostate
HGNC:3446,ERG,Oncogene,DOID:10286,prostate carcinoma,Prostate
HGNC:9236,PPARG,Oncogene,DOID:10283,prostate cancer,Prostate
HGNC:8947,PI3,Oncogene,DOID:10283,prostate cancer,Prostate
HGNC:7892,PNP,Oncogene,DOID:10283,prostate cancer,Prostate
HGNC:7669,NCOA2,Oncogene,DOID:10283,prostate cancer,Prostate
HGNC:4317,GLI1,Oncogene,DOID:10283,prostate cancer,Prostate
HGNC:3818,FOXM1,Oncogene,DOID:10283,prostate cancer,Prostate
HGNC:3796,FOS,Oncogene,DOID:10283,prostate cancer,Prostate
HGNC:30834,TRIM59,Oncogene,DOID:10283,prostate cancer,Prostate
HGNC:30134,PELP1,Oncogene,DOID:10283,prostate cancer,Prostate
HGNC:2768,DEK,Oncogene,DOID:10283,prostate cancer,Prostate
HGNC:25009,UBE2T,Oncogene,DOID:10283,prostate cancer,Prostate
HGNC:18039,KDM5B,Oncogene,DOID:10283,prostate cancer,Prostate
HGNC:1787,CDKN2A,Oncogene,DOID:10283,prostate cancer,Prostate
HGNC:1779,CDK8,Oncogene,DOID:10283,prostate cancer,Prostate
HGNC:17563,METTL3,Oncogene,DOID:10283,prostate cancer,Prostate
HGNC:16262,YAP1,Oncogene,DOID:10283,prostate cancer,Prostate
HGNC:14934,SIRT6,Oncogene,DOID:10283,prostate cancer,Prostate
HGNC:12428,TWIST1,Oncogene,DOID:10283,prostate cancer,Prostate
HGNC:11101,SMARCA5,Oncogene,DOID:10283,prostate cancer,Prostate
HGNC:1097,BRAF,Oncogene,DOID:10283,prostate cancer,Prostate
HGNC:9588,PTEN,Oncogene,DOID:2526,prostate adenocarcinoma,Prostate
HGNC:9632,PTOV1,Oncogene,DOID:10283,prostate cancer,Prostate
HGNC:9077,PLK1,Oncogene,DOID:10283,prostate cancer,Prostate
HGNC:8014,YBX1,Oncogene,DOID:10283,prostate cancer,Prostate
HGNC:7976,NR2F2,Oncogene,DOID:10283,prostate cancer,Prostate
HGNC:7973,NR2E1,Oncogene,DOID:10283,prostate cancer,Prostate
HGNC:785,ATF3,Oncogene,DOID:10283,prostate cancer,Prostate
HGNC:784,ATF2,Oncogene,DOID:10283,prostate cancer,Prostate
HGNC:7794,NFKB1,Oncogene,DOID:10283,prostate cancer,Prostate
HGNC:7670,NCOA3,Oncogene,DOID:10283,prostate cancer,Prostate
HGNC:735,ASAH1,Oncogene,DOID:10283,prostate cancer,Prostate
HGNC:7059,MGMT,Oncogene,DOID:10283,prostate cancer,Prostate
HGNC:7010,MEN1,Oncogene,DOID:10283,prostate cancer,Prostate
HGNC:6950,MCM7,Oncogene,DOID:10283,prostate cancer,Prostate
HGNC:6342,KIT,Oncogene,DOID:10283,prostate cancer,Prostate
HGNC:6018,IL6,Oncogene,DOID:10283,prostate cancer,Prostate
HGNC:583,APC,Oncogene,DOID:10283,prostate cancer,Prostate
HGNC:5155,HPN,Oncogene,DOID:10283,prostate cancer,Prostate
HGNC:5112,HOXB13,Oncogene,DOID:10283,prostate cancer,Prostate
HGNC:4979,MNX1,Oncogene,DOID:10283,prostate cancer,Prostate
HGNC:3942,MTOR,Oncogene,DOID:10283,prostate cancer,Prostate
HGNC:3229,EGF,Oncogene,DOID:10283,prostate cancer,Prostate
HGNC:31675,YTHDF2,Oncogene,DOID:10283,prostate cancer,Prostate
HGNC:3119,E2F5,Oncogene,DOID:10283,prostate cancer,Prostate
HGNC:28230,MIEN1,Oncogene,DOID:10283,prostate cancer,Prostate
HGNC:25840,KDM8,Oncogene,DOID:10283,prostate cancer,Prostate
HGNC:2514,CTNNB1,Oncogene,DOID:10283,prostate cancer,Prostate
HGNC:24682,FLVCR1,Oncogene,DOID:10283,prostate cancer,Prostate
HGNC:19031,TBC1D3,Oncogene,DOID:10283,prostate cancer,Prostate
HGNC:17635,CD274,Oncogene,DOID:10283,prostate cancer,Prostate
HGNC:15451,GOLM1,Oncogene,DOID:10283,prostate cancer,Prostate
HGNC:14587,ING3,Oncogene,DOID:10283,prostate cancer,Prostate
HGNC:12799,WWOX,Oncogene,DOID:10283,prostate cancer,Prostate
HGNC:12766,NSD2,Oncogene,DOID:10283,prostate cancer,Prostate
HGNC:12680,VEGFA,Oncogene,DOID:10283,prostate cancer,Prostate
HGNC:12630,USP7,Oncogene,DOID:10283,prostate cancer,Prostate
HGNC:12036,TRAF6,Oncogene,DOID:10283,prostate cancer,Prostate
HGNC:1101,BRCA2,Oncogene,DOID:10283,prostate cancer,Prostate
HGNC:1034,BECN1,Oncogene,DOID:10283,prostate cancer,Prostate
HGNC:6407,KRAS,Oncogene,DOID:2526,prostate adenocarcinoma,Prostate
HGNC:5021,FOXA1,Oncogene,DOID:2526,prostate adenocarcinoma,Prostate
HGNC:11254,SPOP,Oncogene,DOID:2526,prostate adenocarcinoma,Prostate
HGNC:7794,NFKB1,Oncogene,DOID:10286,prostate carcinoma,Prostate
HGNC:5102,HOXA13,Oncogene,DOID:10286,prostate carcinoma,Prostate
HGNC:3430,ERBB2,Oncogene,DOID:10286,prostate carcinoma,Prostate
HGNC:3332,MARK2,Oncogene,DOID:10286,prostate carcinoma,Prostate
HGNC:9967,RET,Oncogene,DOID:10283,prostate cancer,Prostate
HGNC:992,BCL2L1,Oncogene,DOID:10283,prostate cancer,Prostate
HGNC:9865,RARB,Oncogene,DOID:10283,prostate cancer,Prostate
HGNC:9829,RAF1,Oncogene,DOID:10283,prostate cancer,Prostate
HGNC:9827,RAD9A,Oncogene,DOID:10283,prostate cancer,Prostate
HGNC:9635,PTP4A2,Oncogene,DOID:10283,prostate cancer,Prostate
HGNC:9617,PTK6,Oncogene,DOID:10283,prostate cancer,Prostate
HGNC:9557,PSMD12,Oncogene,DOID:10283,prostate cancer,Prostate
HGNC:9500,PSCA,Oncogene,DOID:10283,prostate cancer,Prostate
HGNC:9232,PPARA,Oncogene,DOID:10283,prostate cancer,Prostate
HGNC:9113,PML,Oncogene,DOID:10283,prostate cancer,Prostate
HGNC:8800,PDGFB,Oncogene,DOID:10283,prostate cancer,Prostate
HGNC:8749,CDK16,Oncogene,DOID:10283,prostate cancer,Prostate
HGNC:8616,PAX2,Oncogene,DOID:10283,prostate cancer,Prostate
HGNC:8031,NTRK1,Oncogene,DOID:10283,prostate cancer,Prostate
HGNC:7808,NGF,Oncogene,DOID:10283,prostate cancer,Prostate
HGNC:76,ABL1,Oncogene,DOID:10283,prostate cancer,Prostate
HGNC:7555,MYCL,Oncogene,DOID:10283,prostate cancer,Prostate
HGNC:7548,MYBL2,Oncogene,DOID:10283,prostate cancer,Prostate
HGNC:7545,MYB,Oncogene,DOID:10283,prostate cancer,Prostate
HGNC:7410,MTA1,Oncogene,DOID:10283,prostate cancer,Prostate
HGNC:7381,MST1R,Oncogene,DOID:10283,prostate cancer,Prostate
HGNC:7323,SEPTIN9,Oncogene,DOID:10283,prostate cancer,Prostate
HGNC:7166,MMP2,Oncogene,DOID:10283,prostate cancer,Prostate
HGNC:7029,MET,Oncogene,DOID:10283,prostate cancer,Prostate
HGNC:6881,MAPK8,Oncogene,DOID:10283,prostate cancer,Prostate
HGNC:6508,LANCL1,Oncogene,DOID:10283,prostate cancer,Prostate
HGNC:6204,JUN,Oncogene,DOID:10283,prostate cancer,Prostate
HGNC:6106,FOXP3,Oncogene,DOID:10283,prostate cancer,Prostate
HGNC:5360,ID1,Oncogene,DOID:10283,prostate cancer,Prostate
HGNC:5246,HSPB1,Oncogene,DOID:10283,prostate cancer,Prostate
HGNC:5102,HOXA13,Oncogene,DOID:10283,prostate cancer,Prostate
HGNC:5010,HMGA1,Oncogene,DOID:10283,prostate cancer,Prostate
HGNC:5009,HMGA2,Oncogene,DOID:10283,prostate cancer,Prostate
HGNC:427,ALK,Oncogene,DOID:10283,prostate cancer,Prostate
HGNC:4042,FZD4,Oncogene,DOID:10283,prostate cancer,Prostate
HGNC:3821,FOXO3,Oncogene,DOID:10283,prostate cancer,Prostate
HGNC:3819,FOXO1,Oncogene,DOID:10283,prostate cancer,Prostate
HGNC:3703,FHL2,Oncogene,DOID:10283,prostate cancer,Prostate
HGNC:3386,EPHA2,Oncogene,DOID:10283,prostate cancer,Prostate
HGNC:3353,ENO2,Oncogene,DOID:10283,prostate cancer,Prostate
HGNC:3332,MARK2,Oncogene,DOID:10283,prostate cancer,Prostate
HGNC:3326,ELK4,Oncogene,DOID:10283,prostate cancer,Prostate
HGNC:3246,EHF,Oncogene,DOID:10283,prostate cancer,Prostate
HGNC:3115,E2F3,Oncogene,DOID:10283,prostate cancer,Prostate
HGNC:30626,YTHDC1,Oncogene,DOID:10283,prostate cancer,Prostate
HGNC:30123,ATAD2,Oncogene,DOID:10283,prostate cancer,Prostate
HGNC:29302,CIP2A,Oncogene,DOID:10283,prostate cancer,Prostate
HGNC:2914,DLX1,Oncogene,DOID:10283,prostate cancer,Prostate
HGNC:28185,ORAI3,Oncogene,DOID:10283,prostate cancer,Prostate
HGNC:2554,CUL4A,Oncogene,DOID:10283,prostate cancer,Prostate
HGNC:22949,DEPDC1,Oncogene,DOID:10283,prostate cancer,Prostate
HGNC:20842,FOXP4,Oncogene,DOID:10283,prostate cancer,Prostate
HGNC:18241,PRMT6,Oncogene,DOID:10283,prostate cancer,Prostate
HGNC:1785,CDKN1B,Oncogene,DOID:10283,prostate cancer,Prostate
HGNC:1759,CDH2,Oncogene,DOID:10283,prostate cancer,Prostate
HGNC:16856,ESPL1,Oncogene,DOID:10283,prostate cancer,Prostate
HGNC:16734,MEX3D,Oncogene,DOID:10283,prostate cancer,Prostate
HGNC:1645,CD24,Oncogene,DOID:10283,prostate cancer,Prostate
HGNC:15937,UBE2C,Oncogene,DOID:10283,prostate cancer,Prostate
HGNC:1583,CCND2,Oncogene,DOID:10283,prostate cancer,Prostate
HGNC:1557,CBX7,Oncogene,DOID:10283,prostate cancer,Prostate
HGNC:15550,ARID4B,Oncogene,DOID:10283,prostate cancer,Prostate
HGNC:15513,SMYD3,Oncogene,DOID:10283,prostate cancer,Prostate
HGNC:1514,CASR,Oncogene,DOID:10283,prostate cancer,Prostate
HGNC:14660,EGLN2,Oncogene,DOID:10283,prostate cancer,Prostate
HGNC:14462,NDRG3,Oncogene,DOID:10283,prostate cancer,Prostate
HGNC:13853,ZKSCAN3,Oncogene,DOID:10283,prostate cancer,Prostate
HGNC:13575,BRD4,Oncogene,DOID:10283,prostate cancer,Prostate
HGNC:13339,KIF4A,Oncogene,DOID:10283,prostate cancer,Prostate
HGNC:12784,WNT5A,Oncogene,DOID:10283,prostate cancer,Prostate
HGNC:12769,CCN4,Oncogene,DOID:10283,prostate cancer,Prostate
HGNC:11280,SQSTM1,Oncogene,DOID:10283,prostate cancer,Prostate
HGNC:11204,SOX9,Oncogene,DOID:10283,prostate cancer,Prostate
HGNC:11195,SOX2,Oncogene,DOID:10283,prostate cancer,Prostate
HGNC:11114,KDM5C,Oncogene,DOID:10283,prostate cancer,Prostate
HGNC:10894,PRMT5,Oncogene,DOID:10283,prostate cancer,Prostate
HGNC:10773,SFN,Oncogene,DOID:10283,prostate cancer,Prostate
HGNC:1066,BMI1,Oncogene,DOID:10283,prostate cancer,Prostate
HGNC:10251,ROCK1,Oncogene,DOID:10283,prostate cancer,Prostate
HGNC:10069,RNF6,Oncogene,DOID:10283,prostate cancer,Prostate
HGNC:10011,RHEB,Oncogene,DOID:10283,prostate cancer,Prostate
HGNC:7669,NCOA2,Oncogene,DOID:2526,prostate adenocarcinoma,Prostate
HGNC:7559,MYCN,Oncogene,DOID:2526,prostate adenocarcinoma,Prostate
HGNC:6510,STMN1,Oncogene,DOID:2526,prostate adenocarcinoma,Prostate
HGNC:644,AR,Oncogene,DOID:2526,prostate adenocarcinoma,Prostate
HGNC:6416,KRT14,Oncogene,DOID:2526,prostate adenocarcinoma,Prostate
HGNC:6204,JUN,Oncogene,DOID:2526,prostate adenocarcinoma,Prostate
HGNC:5392,IER3,Oncogene,DOID:2526,prostate adenocarcinoma,Prostate
HGNC:4893,HGF,Oncogene,DOID:2526,prostate adenocarcinoma,Prostate
HGNC:3796,FOS,Oncogene,DOID:2526,prostate adenocarcinoma,Prostate
HGNC:3446,ERG,Oncogene,DOID:2526,prostate adenocarcinoma,Prostate
HGNC:1784,CDKN1A,Oncogene,DOID:2526,prostate adenocarcinoma,Prostate
HGNC:1748,CDH1,Oncogene,DOID:2526,prostate adenocarcinoma,Prostate
HGNC:1735,CDC37,Oncogene,DOID:2526,prostate adenocarcinoma,Prostate
HGNC:16938,IFI44,Oncogene,DOID:2526,prostate adenocarcinoma,Prostate
HGNC:16676,ANP32D,Oncogene,DOID:2526,prostate adenocarcinoma,Prostate
HGNC:14625,CDCA4,Oncogene,DOID:2526,prostate adenocarcinoma,Prostate
HGNC:12680,VEGFA,Oncogene,DOID:2526,prostate adenocarcinoma,Prostate
HGNC:11364,STAT3,Oncogene,DOID:2526,prostate adenocarcinoma,Prostate
HGNC:11283,SRC,Oncogene,DOID:2526,prostate adenocarcinoma,Prostate
HGNC:9591,PTGDR,Oncogene,DOID:10286,prostate carcinoma,Prostate
HGNC:8987,PIM2,Oncogene,DOID:10286,prostate carcinoma,Prostate
HGNC:8800,PDGFB,Oncogene,DOID:10286,prostate carcinoma,Prostate
HGNC:8614,PAWR,Oncogene,DOID:10286,prostate carcinoma,Prostate
HGNC:7029,MET,Oncogene,DOID:10286,prostate carcinoma,Prostate
HGNC:6819,MALT1,Oncogene,DOID:10286,prostate carcinoma,Prostate
HGNC:6407,KRAS,Oncogene,DOID:10286,prostate carcinoma,Prostate
HGNC:6204,JUN,Oncogene,DOID:10286,prostate carcinoma,Prostate
HGNC:5100,HOXA10,Oncogene,DOID:10286,prostate carcinoma,Prostate
HGNC:3796,FOS,Oncogene,DOID:10286,prostate carcinoma,Prostate
HGNC:3488,ETS1,Oncogene,DOID:10286,prostate carcinoma,Prostate
HGNC:3367,ENTPD5,Oncogene,DOID:10286,prostate carcinoma,Prostate
HGNC:22949,DEPDC1,Oncogene,DOID:10286,prostate carcinoma,Prostate
HGNC:16259,MAML2,Oncogene,DOID:10286,prostate carcinoma,Prostate
HGNC:1582,CCND1,Oncogene,DOID:10286,prostate carcinoma,Prostate
HGNC:12769,CCN4,Oncogene,DOID:10286,prostate carcinoma,Prostate
HGNC:11876,TMPRSS2,Oncogene,DOID:10286,prostate carcinoma,Prostate
HGNC:11757,TFF3,Oncogene,DOID:10286,prostate carcinoma,Prostate
HGNC:11204,SOX9,Oncogene,DOID:10286,prostate carcinoma,Prostate
HGNC:10761,SETDB1,Oncogene,DOID:10286,prostate carcinoma,Prostate
HGNC:10471,RUNX1,Oncogene,DOID:10286,prostate carcinoma,Prostate
HGNC:10429,RPS6,Oncogene,DOID:10286,prostate carcinoma,Prostate
HGNC:10334,RPL31,Oncogene,DOID:10286,prostate carcinoma,Prostate
HGNC:9975,TRIM27,Oncogene,DOID:10283,prostate cancer,Prostate
HGNC:9956,RELB,Oncogene,DOID:10283,prostate cancer,Prostate
HGNC:9949,RECQL4,Oncogene,DOID:10283,prostate cancer,Prostate
HGNC:993,BCL2L10,Oncogene,DOID:10283,prostate cancer,Prostate
HGNC:9901,RBM4,Oncogene,DOID:10283,prostate cancer,Prostate
HGNC:9885,ARID4A,Oncogene,DOID:10283,prostate cancer,Prostate
HGNC:9884,RB1,Oncogene,DOID:10283,prostate cancer,Prostate
HGNC:9874,RASAL2,Oncogene,DOID:10283,prostate cancer,Prostate
HGNC:9861,RAP2A,Oncogene,DOID:10283,prostate cancer,Prostate
HGNC:9855,RAP1A,Oncogene,DOID:10283,prostate cancer,Prostate
HGNC:9839,RALA,Oncogene,DOID:10283,prostate cancer,Prostate
HGNC:9836,GPRC5A,Oncogene,DOID:10283,prostate cancer,Prostate
HGNC:9783,RAB5A,Oncogene,DOID:10283,prostate cancer,Prostate
HGNC:9758,RAB1A,Oncogene,DOID:10283,prostate cancer,Prostate
HGNC:9690,PTTG1,Oncogene,DOID:10283,prostate cancer,Prostate
HGNC:9674,PTPRK,Oncogene,DOID:10283,prostate cancer,Prostate
HGNC:9645,PTPN12,Oncogene,DOID:10283,prostate cancer,Prostate
HGNC:9642,PTPN1,Oncogene,DOID:10283,prostate cancer,Prostate
HGNC:9636,PTP4A3,Oncogene,DOID:10283,prostate cancer,Prostate
HGNC:9561,PSMD4,Oncogene,DOID:10283,prostate cancer,Prostate
HGNC:9446,PRLR,Oncogene,DOID:10283,prostate cancer,Prostate
HGNC:9445,PRL,Oncogene,DOID:10283,prostate cancer,Prostate
HGNC:9413,PRKDC,Oncogene,DOID:10283,prostate cancer,Prostate
HGNC:9405,PKN1,Oncogene,DOID:10283,prostate cancer,Prostate
HGNC:9404,PRKCI,Oncogene,DOID:10283,prostate cancer,Prostate
HGNC:9397,ZMYND8,Oncogene,DOID:10283,prostate cancer,Prostate
HGNC:9392,PRKAR2B,Oncogene,DOID:10283,prostate cancer,Prostate
HGNC:9376,PRKAA1,Oncogene,DOID:10283,prostate cancer,Prostate
HGNC:9353,PRDX2,Oncogene,DOID:10283,prostate cancer,Prostate
HGNC:9341,PRC1,Oncogene,DOID:10283,prostate cancer,Prostate
HGNC:93,ACAT1,Oncogene,DOID:10283,prostate cancer,Prostate
HGNC:9234,MED1,Oncogene,DOID:10283,prostate cancer,Prostate
HGNC:9218,POU4F1,Oncogene,DOID:10283,prostate cancer,Prostate
HGNC:9215,POU3F2,Oncogene,DOID:10283,prostate cancer,Prostate
HGNC:9106,PLXNC1,Oncogene,DOID:10283,prostate cancer,Prostate
HGNC:9103,PLXNB1,Oncogene,DOID:10283,prostate cancer,Prostate
HGNC:9047,PLAGL2,Oncogene,DOID:10283,prostate cancer,Prostate
HGNC:9040,PLA2G7,Oncogene,DOID:10283,prostate cancer,Prostate
HGNC:8988,PIN1,Oncogene,DOID:10283,prostate cancer,Prostate
HGNC:8979,PIK3R1,Oncogene,DOID:10283,prostate cancer,Prostate
HGNC:8896,PGK1,Oncogene,DOID:10283,prostate cancer,Prostate
HGNC:8824,SERPINF1,Oncogene,DOID:10283,prostate cancer,Prostate
HGNC:882,ATR,Oncogene,DOID:10283,prostate cancer,Prostate
HGNC:8783,PDE4D,Oncogene,DOID:10283,prostate cancer,Prostate
HGNC:8780,PDE4A,Oncogene,DOID:10283,prostate cancer,Prostate
HGNC:8772,PDE10A,Oncogene,DOID:10283,prostate cancer,Prostate
HGNC:8763,PDCD4,Oncogene,DOID:10283,prostate cancer,Prostate
HGNC:8729,PCNA,Oncogene,DOID:10283,prostate cancer,Prostate
HGNC:8642,SLC45A3,Oncogene,DOID:10283,prostate cancer,Prostate
HGNC:8638,KAT2B,Oncogene,DOID:10283,prostate cancer,Prostate
HGNC:8634,PBX3,Oncogene,DOID:10283,prostate cancer,Prostate
HGNC:8614,PAWR,Oncogene,DOID:10283,prostate cancer,Prostate
HGNC:8607,PRKN,Oncogene,DOID:10283,prostate cancer,Prostate
HGNC:8060,NUMB,Oncogene,DOID:10283,prostate cancer,Prostate
HGNC:8039,NTSR1,Oncogene,DOID:10283,prostate cancer,Prostate
HGNC:8030,NTN3,Oncogene,DOID:10283,prostate cancer,Prostate
HGNC:8029,NTN1,Oncogene,DOID:10283,prostate cancer,Prostate
HGNC:8013,HMGN5,Oncogene,DOID:10283,prostate cancer,Prostate
HGNC:7993,NRBP1,Oncogene,DOID:10283,prostate cancer,Prostate
HGNC:7884,NOTCH4,Oncogene,DOID:10283,prostate cancer,Prostate
HGNC:7881,NOTCH1,Oncogene,DOID:10283,prostate cancer,Prostate
HGNC:7775,NFATC1,Oncogene,DOID:10283,prostate cancer,Prostate
HGNC:7733,NEDD9,Oncogene,DOID:10283,prostate cancer,Prostate
HGNC:77,ABL2,Oncogene,DOID:10283,prostate cancer,Prostate
HGNC:7673,NCOR2,Oncogene,DOID:10283,prostate cancer,Prostate
HGNC:7534,MXI1,Oncogene,DOID:10283,prostate cancer,Prostate
HGNC:7406,MT2A,Oncogene,DOID:10283,prostate cancer,Prostate
HGNC:7133,KMT2D,Oncogene,DOID:10283,prostate cancer,Prostate
HGNC:7132,KMT2A,Oncogene,DOID:10283,prostate cancer,Prostate
HGNC:7107,MKI67,Oncogene,DOID:10283,prostate cancer,Prostate
HGNC:7105,MITF,Oncogene,DOID:10283,prostate cancer,Prostate
HGNC:7097,MIF,Oncogene,DOID:10283,prostate cancer,Prostate
HGNC:708,ARPC5,Oncogene,DOID:10283,prostate cancer,Prostate
HGNC:7000,MEIS1,Oncogene,DOID:10283,prostate cancer,Prostate
HGNC:6872,MAPK10,Oncogene,DOID:10283,prostate cancer,Prostate
HGNC:6871,MAPK1,Oncogene,DOID:10283,prostate cancer,Prostate
HGNC:6844,MAP2K4,Oncogene,DOID:10283,prostate cancer,Prostate
HGNC:6819,MALT1,Oncogene,DOID:10283,prostate cancer,Prostate
HGNC:6776,MAF,Oncogene,DOID:10283,prostate cancer,Prostate
HGNC:6720,LTF,Oncogene,DOID:10283,prostate cancer,Prostate
HGNC:671,RND3,Oncogene,DOID:10283,prostate cancer,Prostate
HGNC:6677,LPL,Oncogene,DOID:10283,prostate cancer,Prostate
HGNC:667,RHOA,Oncogene,DOID:10283,prostate cancer,Prostate
HGNC:6665,LOXL1,Oncogene,DOID:10283,prostate cancer,Prostate
HGNC:6596,LIF,Oncogene,DOID:10283,prostate cancer,Prostate
HGNC:6528,LCP1,Oncogene,DOID:10283,prostate cancer,Prostate
HGNC:6283,KCNK9,Oncogene,DOID:10283,prostate cancer,Prostate
HGNC:6160,ITGB5,Oncogene,DOID:10283,prostate cancer,Prostate
HGNC:6153,ITGB1,Oncogene,DOID:10283,prostate cancer,Prostate
HGNC:6142,ITGA6,Oncogene,DOID:10283,prostate cancer,Prostate
HGNC:6141,ITGA5,Oncogene,DOID:10283,prostate cancer,Prostate
HGNC:6091,INSR,Oncogene,DOID:10283,prostate cancer,Prostate
HGNC:6075,INPP4B,Oncogene,DOID:10283,prostate cancer,Prostate
HGNC:6040,ILK,Oncogene,DOID:10283,prostate cancer,Prostate
HGNC:6024,IL7R,Oncogene,DOID:10283,prostate cancer,Prostate
HGNC:5474,IGFBP5,Oncogene,DOID:10283,prostate cancer,Prostate
HGNC:5417,IFNA1,Oncogene,DOID:10283,prostate cancer,Prostate
HGNC:5350,ICMT,Oncogene,DOID:10283,prostate cancer,Prostate
HGNC:5341,IBSP,Oncogene,DOID:10283,prostate cancer,Prostate
HGNC:5318,TNC,Oncogene,DOID:10283,prostate cancer,Prostate
HGNC:5294,HTR2B,Oncogene,DOID:10283,prostate cancer,Prostate
HGNC:5044,HNRNPK,Oncogene,DOID:10283,prostate cancer,Prostate
HGNC:5033,HNRNPA2B1,Oncogene,DOID:10283,prostate cancer,Prostate
HGNC:5012,HMMR,Oncogene,DOID:10283,prostate cancer,Prostate
HGNC:5006,HMGCR,Oncogene,DOID:10283,prostate cancer,Prostate
HGNC:4915,HIPK3,Oncogene,DOID:10283,prostate cancer,Prostate
HGNC:4910,HIF1A,Oncogene,DOID:10283,prostate cancer,Prostate
HGNC:483,ANG,Oncogene,DOID:10283,prostate cancer,Prostate
HGNC:4635,GSTM3,Oncogene,DOID:10283,prostate cancer,Prostate
HGNC:4604,CXCL3,Oncogene,DOID:10283,prostate cancer,Prostate
HGNC:4602,CXCL1,Oncogene,DOID:10283,prostate cancer,Prostate
HGNC:4552,GPT,Oncogene,DOID:10283,prostate cancer,Prostate
HGNC:4458,GPI,Oncogene,DOID:10283,prostate cancer,Prostate
HGNC:4399,RACK1,Oncogene,DOID:10283,prostate cancer,Prostate
HGNC:435,ALOX5,Oncogene,DOID:10283,prostate cancer,Prostate
HGNC:4318,GLI2,Oncogene,DOID:10283,prostate cancer,Prostate
HGNC:4203,GCNT1,Oncogene,DOID:10283,prostate cancer,Prostate
HGNC:4201,KAT2A,Oncogene,DOID:10283,prostate cancer,Prostate
HGNC:4186,GBX2,Oncogene,DOID:10283,prostate cancer,Prostate
HGNC:4108,PAGE4,Oncogene,DOID:10283,prostate cancer,Prostate
HGNC:4057,G6PD,Oncogene,DOID:10283,prostate cancer,Prostate
HGNC:4045,FZD7,Oncogene,DOID:10283,prostate cancer,Prostate
HGNC:4043,FZD5,Oncogene,DOID:10283,prostate cancer,Prostate
HGNC:4037,FYN,Oncogene,DOID:10283,prostate cancer,Prostate
HGNC:40,ABCB1,Oncogene,DOID:10283,prostate cancer,Prostate
HGNC:3976,FTH1,Oncogene,DOID:10283,prostate cancer,Prostate
HGNC:3944,FRAT1,Oncogene,DOID:10283,prostate cancer,Prostate
HGNC:393,AKT3,Oncogene,DOID:10283,prostate cancer,Prostate
HGNC:385,AKR1C2,Oncogene,DOID:10283,prostate cancer,Prostate
HGNC:3809,FOXF1,Oncogene,DOID:10283,prostate cancer,Prostate
HGNC:3800,FOXC1,Oncogene,DOID:10283,prostate cancer,Prostate
HGNC:3788,FOLH1,Oncogene,DOID:10283,prostate cancer,Prostate
HGNC:3774,FMOD,Oncogene,DOID:10283,prostate cancer,Prostate
HGNC:3749,FLI1,Oncogene,DOID:10283,prostate cancer,Prostate
HGNC:371,AKAP13,Oncogene,DOID:10283,prostate cancer,Prostate
HGNC:3688,FGFR1,Oncogene,DOID:10283,prostate cancer,Prostate
HGNC:3686,FGF8,Oncogene,DOID:10283,prostate cancer,Prostate
HGNC:3685,FGF7,Oncogene,DOID:10283,prostate cancer,Prostate
HGNC:3663,FGD1,Oncogene,DOID:10283,prostate cancer,Prostate
HGNC:3631,FDPS,Oncogene,DOID:10283,prostate cancer,Prostate
HGNC:3606,FBP1,Oncogene,DOID:10283,prostate cancer,Prostate
HGNC:3571,ACSL4,Oncogene,DOID:10283,prostate cancer,Prostate
HGNC:3560,FABP5,Oncogene,DOID:10283,prostate cancer,Prostate
HGNC:3488,ETS1,Oncogene,DOID:10283,prostate cancer,Prostate
HGNC:3471,ESRRA,Oncogene,DOID:10283,prostate cancer,Prostate
HGNC:3468,ESR2,Oncogene,DOID:10283,prostate cancer,Prostate
HGNC:33940,NPS,Oncogene,DOID:10283,prostate cancer,Prostate
HGNC:3385,EPHA1,Oncogene,DOID:10283,prostate cancer,Prostate
HGNC:3374,EPAS1,Oncogene,DOID:10283,prostate cancer,Prostate
HGNC:3373,EP300,Oncogene,DOID:10283,prostate cancer,Prostate
HGNC:3367,ENTPD5,Oncogene,DOID:10283,prostate cancer,Prostate
HGNC:3350,ENO1,Oncogene,DOID:10283,prostate cancer,Prostate
HGNC:3343,EN2,Oncogene,DOID:10283,prostate cancer,Prostate
HGNC:3318,ELF3,Oncogene,DOID:10283,prostate cancer,Prostate
HGNC:3301,EIF5A2,Oncogene,DOID:10283,prostate cancer,Prostate
HGNC:3300,EIF5A,Oncogene,DOID:10283,prostate cancer,Prostate
HGNC:3282,EIF4A1,Oncogene,DOID:10283,prostate cancer,Prostate
HGNC:3280,EIF3B,Oncogene,DOID:10283,prostate cancer,Prostate
HGNC:328,AGR2,Oncogene,DOID:10283,prostate cancer,Prostate
HGNC:3273,EIF3H,Oncogene,DOID:10283,prostate cancer,Prostate
HGNC:3255,EIF2AK3,Oncogene,DOID:10283,prostate cancer,Prostate
HGNC:3221,EFNA1,Oncogene,DOID:10283,prostate cancer,Prostate
HGNC:32207,LIN28B,Oncogene,DOID:10283,prostate cancer,Prostate
HGNC:3113,E2F1,Oncogene,DOID:10283,prostate cancer,Prostate
HGNC:30892,HUWE1,Oncogene,DOID:10283,prostate cancer,Prostate
HGNC:30802,PNPLA2,Oncogene,DOID:10283,prostate cancer,Prostate
HGNC:3074,DUSP8,Oncogene,DOID:10283,prostate cancer,Prostate
HGNC:3049,DSG2,Oncogene,DOID:10283,prostate cancer,Prostate
HGNC:30291,G3BP2,Oncogene,DOID:10283,prostate cancer,Prostate
HGNC:30092,NAMPT,Oncogene,DOID:10283,prostate cancer,Prostate
HGNC:3009,DPP4,Oncogene,DOID:10283,prostate cancer,Prostate
HGNC:29877,UBAP2L,Oncogene,DOID:10283,prostate cancer,Prostate
HGNC:29814,MUS81,Oncogene,DOID:10283,prostate cancer,Prostate
HGNC:29663,MSMP,Oncogene,DOID:10283,prostate cancer,Prostate
HGNC:29643,MLPH,Oncogene,DOID:10283,prostate cancer,Prostate
HGNC:29540,NOB1,Oncogene,DOID:10283,prostate cancer,Prostate
HGNC:29205,ERGIC1,Oncogene,DOID:10283,prostate cancer,Prostate
HGNC:29175,WDTC1,Oncogene,DOID:10283,prostate cancer,Prostate
HGNC:29165,SIK3,Oncogene,DOID:10283,prostate cancer,Prostate
HGNC:29149,PHLPP2,Oncogene,DOID:10283,prostate cancer,Prostate
HGNC:29079,KDM1A,Oncogene,DOID:10283,prostate cancer,Prostate
HGNC:29005,TRIM66,Oncogene,DOID:10283,prostate cancer,Prostate
HGNC:290,GRK3,Oncogene,DOID:10283,prostate cancer,Prostate
HGNC:28961,PCLAF,Oncogene,DOID:10283,prostate cancer,Prostate
HGNC:2890,DKC1,Oncogene,DOID:10283,prostate cancer,Prostate
HGNC:28737,C17orf49,Oncogene,DOID:10283,prostate cancer,Prostate
HGNC:28426,AKT1S1,Oncogene,DOID:10283,prostate cancer,Prostate
HGNC:28423,STAC3,Oncogene,DOID:10283,prostate cancer,Prostate
HGNC:2746,DDX5,Oncogene,DOID:10283,prostate cancer,Prostate
HGNC:2745,DDX3X,Oncogene,DOID:10283,prostate cancer,Prostate
HGNC:2705,DCN,Oncogene,DOID:10283,prostate cancer,Prostate
HGNC:270,PARP1,Oncogene,DOID:10283,prostate cancer,Prostate
HGNC:2664,DAD1,Oncogene,DOID:10283,prostate cancer,Prostate
HGNC:26487,VWCE,Oncogene,DOID:10283,prostate cancer,Prostate
HGNC:26276,CAMKMT,Oncogene,DOID:10283,prostate cancer,Prostate
HGNC:26066,TUG1,Oncogene,DOID:10283,prostate cancer,Prostate
HGNC:26033,PUS7,Oncogene,DOID:10283,prostate cancer,Prostate
HGNC:2595,CYP1A1,Oncogene,DOID:10283,prostate cancer,Prostate
HGNC:25896,ORAI1,Oncogene,DOID:10283,prostate cancer,Prostate
HGNC:25566,SETD5,Oncogene,DOID:10283,prostate cancer,Prostate
HGNC:25193,MBOAT2,Oncogene,DOID:10283,prostate cancer,Prostate
HGNC:25161,PHF21B,Oncogene,DOID:10283,prostate cancer,Prostate
HGNC:2494,CTBP1,Oncogene,DOID:10283,prostate cancer,Prostate
HGNC:24902,DEPDC1B,Oncogene,DOID:10283,prostate cancer,Prostate
HGNC:24885,GREB1,Oncogene,DOID:10283,prostate cancer,Prostate
HGNC:24727,E2F8,Oncogene,DOID:10283,prostate cancer,Prostate
HGNC:24714,ANKHD1,Oncogene,DOID:10283,prostate cancer,Prostate
HGNC:24678,FTO,Oncogene,DOID:10283,prostate cancer,Prostate
HGNC:24502,WDR62,Oncogene,DOID:10283,prostate cancer,Prostate
HGNC:24357,CDCP1,Oncogene,DOID:10283,prostate cancer,Prostate
HGNC:2434,CSF2,Oncogene,DOID:10283,prostate cancer,Prostate
HGNC:2433,CSF1R,Oncogene,DOID:10283,prostate cancer,Prostate
HGNC:2432,CSF1,Oncogene,DOID:10283,prostate cancer,Prostate
HGNC:24304,NCAPG,Oncogene,DOID:10283,prostate cancer,Prostate
HGNC:24303,RBM15B,Oncogene,DOID:10283,prostate cancer,Prostate
HGNC:24283,KMT5B,Oncogene,DOID:10283,prostate cancer,Prostate
HGNC:24190,CAMK2N1,Oncogene,DOID:10283,prostate cancer,Prostate
HGNC:24042,WWTR1,Oncogene,DOID:10283,prostate cancer,Prostate
HGNC:23791,INF2,Oncogene,DOID:10283,prostate cancer,Prostate
HGNC:23480,FOXK1,Oncogene,DOID:10283,prostate cancer,Prostate
HGNC:2345,CREB1,Oncogene,DOID:10283,prostate cancer,Prostate
HGNC:23393,CARM1,Oncogene,DOID:10283,prostate cancer,Prostate
HGNC:2324,CPSF1,Oncogene,DOID:10283,prostate cancer,Prostate
HGNC:22978,KDM4A,Oncogene,DOID:10283,prostate cancer,Prostate
HGNC:22939,NLRP14,Oncogene,DOID:10283,prostate cancer,Prostate
HGNC:2240,COPS5,Oncogene,DOID:10283,prostate cancer,Prostate
HGNC:2227,COMP,Oncogene,DOID:10283,prostate cancer,Prostate
HGNC:2211,COL6A1,Oncogene,DOID:10283,prostate cancer,Prostate
HGNC:2171,CNTN1,Oncogene,DOID:10283,prostate cancer,Prostate
HGNC:2169,CNTF,Oncogene,DOID:10283,prostate cancer,Prostate
HGNC:21680,SIK2,Oncogene,DOID:10283,prostate cancer,Prostate
HGNC:21308,ELOVL5,Oncogene,DOID:10283,prostate cancer,Prostate
HGNC:21224,ZUP1,Oncogene,DOID:10283,prostate cancer,Prostate
HGNC:21151,RNF126,Oncogene,DOID:10283,prostate cancer,Prostate
HGNC:20967,NACC1,Oncogene,DOID:10283,prostate cancer,Prostate
HGNC:2095,CLU,Oncogene,DOID:10283,prostate cancer,Prostate
HGNC:20610,PHLPP1,Oncogene,DOID:10283,prostate cancer,Prostate
HGNC:206,ADAM28,Oncogene,DOID:10283,prostate cancer,Prostate
HGNC:20392,SULF2,Oncogene,DOID:10283,prostate cancer,Prostate
HGNC:19910,NOL6,Oncogene,DOID:10283,prostate cancer,Prostate
HGNC:1985,CIT,Oncogene,DOID:10283,prostate cancer,Prostate
HGNC:197,ADAM19,Oncogene,DOID:10283,prostate cancer,Prostate
HGNC:19310,PIM3,Oncogene,DOID:10283,prostate cancer,Prostate
HGNC:19297,TNK2,Oncogene,DOID:10283,prostate cancer,Prostate
HGNC:19254,PLAC8,Oncogene,DOID:10283,prostate cancer,Prostate
HGNC:19181,KIF14,Oncogene,DOID:10283,prostate cancer,Prostate
HGNC:19057,CHD6,Oncogene,DOID:10283,prostate cancer,Prostate
HGNC:19016,TRIM44,Oncogene,DOID:10283,prostate cancer,Prostate
HGNC:18838,PPP1R13L,Oncogene,DOID:10283,prostate cancer,Prostate
HGNC:1857,CENPF,Oncogene,DOID:10283,prostate cancer,Prostate
HGNC:1856,CENPE,Oncogene,DOID:10283,prostate cancer,Prostate
HGNC:18486,PDZD2,Oncogene,DOID:10283,prostate cancer,Prostate
HGNC:18282,PBK,Oncogene,DOID:10283,prostate cancer,Prostate
HGNC:18184,DCUN1D1,Oncogene,DOID:10283,prostate cancer,Prostate
HGNC:18078,ZBTB7A,Oncogene,DOID:10283,prostate cancer,Prostate
HGNC:18043,MCM10,Oncogene,DOID:10283,prostate cancer,Prostate
HGNC:18015,IL17RB,Oncogene,DOID:10283,prostate cancer,Prostate
HGNC:17994,TRPM7,Oncogene,DOID:10283,prostate cancer,Prostate
HGNC:17993,TRPM4,Oncogene,DOID:10283,prostate cancer,Prostate
HGNC:17933,KAT8,Oncogene,DOID:10283,prostate cancer,Prostate
HGNC:17927,SENP1,Oncogene,DOID:10283,prostate cancer,Prostate
HGNC:17885,STEAP2,Oncogene,DOID:10283,prostate cancer,Prostate
HGNC:1784,CDKN1A,Oncogene,DOID:10283,prostate cancer,Prostate
HGNC:17582,KAT6B,Oncogene,DOID:10283,prostate cancer,Prostate
HGNC:1750,CDH11,Oncogene,DOID:10283,prostate cancer,Prostate
HGNC:1748,CDH1,Oncogene,DOID:10283,prostate cancer,Prostate
HGNC:17468,PDLIM5,Oncogene,DOID:10283,prostate cancer,Prostate
HGNC:1744,CDC6,Oncogene,DOID:10283,prostate cancer,Prostate
HGNC:1736,CDC42,Oncogene,DOID:10283,prostate cancer,Prostate
HGNC:17257,SPDEF,Oncogene,DOID:10283,prostate cancer,Prostate
HGNC:1722,CDK1,Oncogene,DOID:10283,prostate cancer,Prostate
HGNC:17175,PLCE1,Oncogene,DOID:10283,prostate cancer,Prostate
HGNC:17071,KDM4C,Oncogene,DOID:10283,prostate cancer,Prostate
HGNC:1701,CD81,Oncogene,DOID:10283,prostate cancer,Prostate
HGNC:16921,AGAP2,Oncogene,DOID:10283,prostate cancer,Prostate
HGNC:16891,TRIB1,Oncogene,DOID:10283,prostate cancer,Prostate
HGNC:16870,MELK,Oncogene,DOID:10283,prostate cancer,Prostate
HGNC:16867,RNF40,Oncogene,DOID:10283,prostate cancer,Prostate
HGNC:16857,KLF16,Oncogene,DOID:10283,prostate cancer,Prostate
HGNC:16842,TP53I11,Oncogene,DOID:10283,prostate cancer,Prostate
HGNC:16807,SMURF1,Oncogene,DOID:10283,prostate cancer,Prostate
HGNC:16712,FBXW7,Oncogene,DOID:10283,prostate cancer,Prostate
HGNC:1664,SCARB1,Oncogene,DOID:10283,prostate cancer,Prostate
HGNC:16516,KLF3,Oncogene,DOID:10283,prostate cancer,Prostate
HGNC:16280,TRIM36,Oncogene,DOID:10283,prostate cancer,Prostate
HGNC:16061,PAK6,Oncogene,DOID:10283,prostate cancer,Prostate
HGNC:16051,PARD3,Oncogene,DOID:10283,prostate cancer,Prostate
HGNC:16039,ANGPTL4,Oncogene,DOID:10283,prostate cancer,Prostate
HGNC:15979,TP63,Oncogene,DOID:10283,prostate cancer,Prostate
HGNC:15928,SIRPB1,Oncogene,DOID:10283,prostate cancer,Prostate
HGNC:15867,YTHDF1,Oncogene,DOID:10283,prostate cancer,Prostate
HGNC:15848,SEPTIN6,Oncogene,DOID:10283,prostate cancer,Prostate
HGNC:15829,ELOVL6,Oncogene,DOID:10283,prostate cancer,Prostate
HGNC:15818,RBM38,Oncogene,DOID:10283,prostate cancer,Prostate
HGNC:15714,LRPPRC,Oncogene,DOID:10283,prostate cancer,Prostate
HGNC:15508,PUS1,Oncogene,DOID:10283,prostate cancer,Prostate
HGNC:15452,GOLPH3,Oncogene,DOID:10283,prostate cancer,Prostate
HGNC:1527,CAV1,Oncogene,DOID:10283,prostate cancer,Prostate
HGNC:1515,CAST,Oncogene,DOID:10283,prostate cancer,Prostate
HGNC:14983,ZFP91,Oncogene,DOID:10283,prostate cancer,Prostate
HGNC:14935,SIRT7,Oncogene,DOID:10283,prostate cancer,Prostate
HGNC:14929,SIRT1,Oncogene,DOID:10283,prostate cancer,Prostate
HGNC:14906,NIN,Oncogene,DOID:10283,prostate cancer,Prostate
HGNC:14872,ASPN,Oncogene,DOID:10283,prostate cancer,Prostate
HGNC:1481,CAPNS1,Oncogene,DOID:10283,prostate cancer,Prostate
HGNC:1479,CAPN2,Oncogene,DOID:10283,prostate cancer,Prostate
HGNC:14626,CDCA5,Oncogene,DOID:10283,prostate cancer,Prostate
HGNC:14623,CDCA2,Oncogene,DOID:10283,prostate cancer,Prostate
HGNC:14621,NUF2,Oncogene,DOID:10283,prostate cancer,Prostate
HGNC:14552,IKBKE,Oncogene,DOID:10283,prostate cancer,Prostate
HGNC:14497,IMP3,Oncogene,DOID:10283,prostate cancer,Prostate
HGNC:14402,HIPK2,Oncogene,DOID:10283,prostate cancer,Prostate
HGNC:14361,IRX5,Oncogene,DOID:10283,prostate cancer,Prostate
HGNC:14088,RGS17,Oncogene,DOID:10283,prostate cancer,Prostate
HGNC:13909,DMRT3,Oncogene,DOID:10283,prostate cancer,Prostate
HGNC:13907,ATOH7,Oncogene,DOID:10283,prostate cancer,Prostate
HGNC:13890,ITCH,Oncogene,DOID:10283,prostate cancer,Prostate
HGNC:13875,FOXP2,Oncogene,DOID:10283,prostate cancer,Prostate
HGNC:13818,SLC12A5,Oncogene,DOID:10283,prostate cancer,Prostate
HGNC:13726,KMT2C,Oncogene,DOID:10283,prostate cancer,Prostate
HGNC:13702,BIRC7,Oncogene,DOID:10283,prostate cancer,Prostate
HGNC:13427,RBMS3,Oncogene,DOID:10283,prostate cancer,Prostate
HGNC:13328,IFIT5,Oncogene,DOID:10283,prostate cancer,Prostate
HGNC:13233,ANP32A,Oncogene,DOID:10283,prostate cancer,Prostate
HGNC:12932,TRIM25,Oncogene,DOID:10283,prostate cancer,Prostate
HGNC:12856,YY1,Oncogene,DOID:10283,prostate cancer,Prostate
HGNC:12801,XBP1,Oncogene,DOID:10283,prostate cancer,Prostate
HGNC:12796,WT1,Oncogene,DOID:10283,prostate cancer,Prostate
HGNC:12774,WNT1,Oncogene,DOID:10283,prostate cancer,Prostate
HGNC:12757,WDR5,Oncogene,DOID:10283,prostate cancer,Prostate
HGNC:12694,VIPR1,Oncogene,DOID:10283,prostate cancer,Prostate
HGNC:12679,VDR,Oncogene,DOID:10283,prostate cancer,Prostate
HGNC:12637,KDM6A,Oncogene,DOID:10283,prostate cancer,Prostate
HGNC:12621,USP22,Oncogene,DOID:10283,prostate cancer,Prostate
HGNC:12556,UHRF1,Oncogene,DOID:10283,prostate cancer,Prostate
HGNC:12513,UCHL1,Oncogene,DOID:10283,prostate cancer,Prostate
HGNC:12485,UBE2I,Oncogene,DOID:10283,prostate cancer,Prostate
HGNC:12453,U2AF1,Oncogene,DOID:10283,prostate cancer,Prostate
HGNC:12307,TRIP13,Oncogene,DOID:10283,prostate cancer,Prostate
HGNC:12022,TPT1,Oncogene,DOID:10283,prostate cancer,Prostate
HGNC:11892,TNF,Oncogene,DOID:10283,prostate cancer,Prostate
HGNC:11875,TMPO,Oncogene,DOID:10283,prostate cancer,Prostate
HGNC:11867,TMEFF2,Oncogene,DOID:10283,prostate cancer,Prostate
HGNC:11846,SEC62,Oncogene,DOID:10283,prostate cancer,Prostate
HGNC:11845,TLN1,Oncogene,DOID:10283,prostate cancer,Prostate
HGNC:11822,TIMP3,Oncogene,DOID:10283,prostate cancer,Prostate
HGNC:11813,TIMELESS,Oncogene,DOID:10283,prostate cancer,Prostate
HGNC:11773,TGFBR2,Oncogene,DOID:10283,prostate cancer,Prostate
HGNC:11766,TGFB1,Oncogene,DOID:10283,prostate cancer,Prostate
HGNC:11730,TERT,Oncogene,DOID:10283,prostate cancer,Prostate
HGNC:11630,HNF1B,Oncogene,DOID:10283,prostate cancer,Prostate
HGNC:11597,TBX2,Oncogene,DOID:10283,prostate cancer,Prostate
HGNC:11530,TACSTD2,Oncogene,DOID:10283,prostate cancer,Prostate
HGNC:11524,TACC3,Oncogene,DOID:10283,prostate cancer,Prostate
HGNC:115,ACLY,Oncogene,DOID:10283,prostate cancer,Prostate
HGNC:1149,BUB1B,Oncogene,DOID:10283,prostate cancer,Prostate
HGNC:11451,RIOK3,Oncogene,DOID:10283,prostate cancer,Prostate
HGNC:11393,AURKA,Oncogene,DOID:10283,prostate cancer,Prostate
HGNC:11389,STK11,Oncogene,DOID:10283,prostate cancer,Prostate
HGNC:11386,STIM1,Oncogene,DOID:10283,prostate cancer,Prostate
HGNC:11378,STEAP1,Oncogene,DOID:10283,prostate cancer,Prostate
HGNC:11374,STC2,Oncogene,DOID:10283,prostate cancer,Prostate
HGNC:11366,STAT5A,Oncogene,DOID:10283,prostate cancer,Prostate
HGNC:11362,STAT1,Oncogene,DOID:10283,prostate cancer,Prostate
HGNC:11311,SRY,Oncogene,DOID:10283,prostate cancer,Prostate
HGNC:11270,SPRY2,Oncogene,DOID:10283,prostate cancer,Prostate
HGNC:11253,SPON2,Oncogene,DOID:10283,prostate cancer,Prostate
HGNC:1125,BTF3,Oncogene,DOID:10283,prostate cancer,Prostate
HGNC:11244,SPINK1,Oncogene,DOID:10283,prostate cancer,Prostate
HGNC:11240,SPHK1,Oncogene,DOID:10283,prostate cancer,Prostate
HGNC:11219,SPARC,Oncogene,DOID:10283,prostate cancer,Prostate
HGNC:11161,SNRPE,Oncogene,DOID:10283,prostate cancer,Prostate
HGNC:11119,SMO,Oncogene,DOID:10283,prostate cancer,Prostate
HGNC:11086,SLIT2,Oncogene,DOID:10283,prostate cancer,Prostate
HGNC:11042,SLC6A1,Oncogene,DOID:10283,prostate cancer,Prostate
HGNC:11030,SLC4A4,Oncogene,DOID:10283,prostate cancer,Prostate
HGNC:10928,SLC16A7,Oncogene,DOID:10283,prostate cancer,Prostate
HGNC:10879,STIL,Oncogene,DOID:10283,prostate cancer,Prostate
HGNC:10857,SIAH1,Oncogene,DOID:10283,prostate cancer,Prostate
HGNC:1079,BMX,Oncogene,DOID:10283,prostate cancer,Prostate
HGNC:10780,SRSF1,Oncogene,DOID:10283,prostate cancer,Prostate
HGNC:10768,SF3B1,Oncogene,DOID:10283,prostate cancer,Prostate
HGNC:10761,SETDB1,Oncogene,DOID:10283,prostate cancer,Prostate
HGNC:10702,SEC23B,Oncogene,DOID:10283,prostate cancer,Prostate
HGNC:10660,SDC3,Oncogene,DOID:10283,prostate cancer,Prostate
HGNC:10638,CXCL11,Oncogene,DOID:10283,prostate cancer,Prostate
HGNC:10618,CCL2,Oncogene,DOID:10283,prostate cancer,Prostate
HGNC:10571,SCD,Oncogene,DOID:10283,prostate cancer,Prostate
HGNC:10494,S100A4,Oncogene,DOID:10283,prostate cancer,Prostate
HGNC:10473,RUNX3,Oncogene,DOID:10283,prostate cancer,Prostate
HGNC:10452,RRM2,Oncogene,DOID:10283,prostate cancer,Prostate
HGNC:10447,RRAS,Oncogene,DOID:10283,prostate cancer,Prostate
HGNC:10429,RPS6,Oncogene,DOID:10283,prostate cancer,Prostate
HGNC:10334,RPL31,Oncogene,DOID:10283,prostate cancer,Prostate
HGNC:10018,RING1,Oncogene,DOID:10283,prostate cancer,Prostate
HGNC:7559,MYCN,Oncogene,DOID:0080909,castration-resistant prostate carcinoma,Prostate
